APPL_ID,SITE_ID,CLNT_NAME,FREQ,FREQ_PAIR,BWIDTH,EQ_MDL,STN_NAME,STN_ADDR,SID_LONG,SID_LAT,CIRCUIT_LEN,LAT_DEG,LAT_MIN,LAT_SEC,LAT_DIR_IND,LONG_DEG,LONG_MIN,LONG_SEC,LONG_DIR_IND,CURR_LIC_NUM,APPL_DATE,TO_APPL_ID,MASA_LAKU,STASIUN_LAWAN,TO_LAT_DEG,TO_LAT_MIN,TO_LAT_SEC,TO_LAT_DIR_IND,TO_LONG_DEG,TO_LONG_MIN,TO_LONG_SEC,TO_LONG_DIR_IND
2.11E+12,1,"INDOSAT TBK, PT.",15103,14613,28000,15G_XMC2_128Q_28M_157M,030061_SD Impres - Parak Tanjung,"Jl SD Impres Parak Tanjung Jorong Biaro Nagari Biaro Gadang Kec Ampek Angkek,Parak Tanjung - Ampek Angkek,Padang,Sumatra Barat",100.4337306,-0.29013056,3.37,0,17,24.47,S,100,26,1.43,E,02228471-000SU/2620192024,26-Dec-19,2.11E+12,26-Dec-26,030195_Baso,0,17,7.6,S,100,27,49.19,E
2.44E+12,1,"XLSMART TELECOM SEJAHTERA, PT.",23450,22442,28000,FIBEAIR IP-20C (23GHZ),SMB_M_00109-NPDG_0406-AGAM AMPEK ANGKEK,"Jorong SitKabupaten Agamapung,Nagari Balai Gurah,Kec.Ampek Angkek Kab. Agam Provinsi Sumatera Barat",100.4297306,-0.31081944,2.19,0,18,38.95,S,100,25,47.03,E,02484096-000SU/2620212026,15-Sep-21,2.44E+12,15-Sep-26,SB00077-NPDG_0095-BATU TABA,0,19,13.4,S,100,24,45,E
2.58E+12,2,"XLSMART TELECOM SEJAHTERA, PT.",13227,12961,28000,FIBEAIR IP-20C (13GHZ),SB00145-NPDG_0103-NS NSM-BUKITTINGGI,0,100.4022222,-0.29872222,5.61,0,17,55.4,S,100,24,8,E,02557509-000SU/2620222027,26-Apr-22,2.58E+12,26-Apr-26,SB00076-NPDG_0106-KAMANG MAGEK (BUKAN DALAM KOTA),0,15,2.5,S,100,25,6.6,E
2.52E+12,2,"XLSMART TELECOM SEJAHTERA, PT.",22302,23310,28000,ZXMW NR8961 23G,IN20_NS_0066-NPDG_0306-AMPANG GADANG_AGAM,Jorong Koto Hilalang Nagari Lambah Kecamatan Ampek Angkek Kabupaten Agam Provinsi Sumatera Barat,100.4455833,-0.28813889,1.2,0,17,17.3,S,100,26,44.1,E,02536640-000SU/2620222027,11-Feb-22,2.52E+12,13-Feb-26,SSG_0670-NPDG_0051-SD Inpres - Parak Tanjung,0,17,28.69,S,100,26,6.98,E
2.90E+12,2,TELEKOMUNIKASI INDONESIA TBK,13143,12877,28000,MINI-LINK CN 210/CN510-13GHZ,BKT136_Tanjung Alam,JL. TANJUNG ALAM DESA TANJUNGALAM KEC.IV ANGKAT AGAM,100.41,-0.29361,6.766,0,17,36.996,S,100,24,36,E,02745640-000SU/2620232028,21-Aug-23,2.90E+12,30-Aug-26,LBB251_Munggu Gadang,0,14,10.284,S,100,23,20.4,E
2.15E+12,2,"TELEKOMUNIKASI SELULAR, PT.",22498,23506,28000,ERICSSON   23TN_Point to Point 28 GHz,BKT106_BKT WBBC 5,"Bonjo Alam, Agam, Sumatera Barat, Sumatera, 26126, Indonesia",100.4021875,-0.2986875,1.017,0,17,55.275,S,100,24,7.875,E,02273764-000SU/2620202025,4-Nov-24,2.15E+12,3-May-27,BKT136_Tanjung Alam,0,17,37.725,S,100,24,35.775,E
2.06E+12,2,"INDOSAT TBK, PT.",23226,22218,28000,23G_XMC2_256Q_28M_183M,030704_KAMPUANG NAN LIMO,"Bonjo Alam, Agam, Sumatera Barat, Sumatera, 26126, Indonesia",100.4021875,-0.2986875,1.412,0,17,55.275,S,100,24,7.875,E,02933815-000SU/2620242029,7-Nov-24,2.06E+12,13-Nov-26,030659_PAKAN LADANG,0,18,41.18,S,100,24,10.12,E
2.08E+12,2,"XLSMART TELECOM SEJAHTERA, PT.",14669,,28000,NEC iPASOLINK 400A Radio Microwave,425A310E BATU TABA,"Tanjung Alam, Agam, Sumatera Barat, Sumatera, 26191, Indonesia",100.4124375,-0.3203125,2.655,0,19,13.125,S,100,24,44.775,E,02951313-000SU/2620252026,19-Mar-25,2.08E+12,14-Feb-27,4259749E PASANEHAN BATABUAH,0,19,49.575,S,100,26,2.625,E
2.01E+12,2,"XLSMART TELECOM SEJAHTERA, PT.",22022,23030,28000,NEC iPASOLINK 400A Radio Microwave,425A310E BATU TABA,"Tanjung Alam, Agam, Sumatera Barat, Sumatera, 26191, Indonesia",100.4124375,-0.3203125,1.382,0,19,13.125,S,100,24,44.775,E,02877012-000SU/2620242025,28-Jun-24,2.01E+12,2-Jul-26,4259711E SUNGAI PUA KUBANG,0,19,58.125,S,100,24,45.675,E
2.11E+12,2,"XLSMART TELECOM SEJAHTERA, PT.",12793,,28000,FIBEAIR IP-20C (13GHZ),425A310E SOETTA MANGGIS GANTING,"Tanjung Alam, Agam, Sumatera Barat, Sumatera, 26191, Indonesia",100.4124375,-0.3203125,3.759,0,19,13.125,S,100,24,44.775,E,03009274-000SU/2620252026,22-Aug-25,2.11E+12,8-Sep-26,4259741E SOETTA MANGGIS GANTING,0,17,49.875,S,100,23,15.675,E
2.11E+12,2,"XLSMART TELECOM SEJAHTERA, PT.",12765,,28000,FIBEAIR IP-20C (13GHZ),425A310E SOETTA MANGGIS GANTING,"Tanjung Alam, Agam, Sumatera Barat, Sumatera, 26191, Indonesia",100.4124375,-0.3203125,3.759,0,19,13.125,S,100,24,44.775,E,03009358-000SU/2620252026,22-Aug-25,2.11E+12,8-Sep-26,4259741E SOETTA MANGGIS GANTING,0,17,49.875,S,100,23,15.675,E
2.99E+12,1,"XLSMART TELECOM SEJAHTERA, PT.",22316,,56000,IPASOLINK400_23GHZ,3256174G9 Ampang Gadang Agam,"Panampuang, Agam, Sumatera Barat, Sumatera, 26191, Indonesia",100.4455625,-0.2881875,2.054,0,17,17.475,S,100,26,44.025,E,02852003-000SU/2620242025,22-Aug-25,2.99E+12,16-Apr-26,3356 Baso,0,17,7.575,S,100,27,49.725,E
3.00E+12,2,"XLSMART TELECOM SEJAHTERA, PT.",22148,,56000,IPASOLINK400_23GHZ,3256174G9 Ampang Gadang Agam,"Panampuang, Agam, Sumatera Barat, Sumatera, 26191, Indonesia",100.4455625,-0.2881875,2.054,0,17,17.475,S,100,26,44.025,E,02860049-000SU/2620242029,22-Aug-25,3.00E+12,12-May-26,3356 Baso,0,17,7.575,S,100,27,49.725,E
2.00E+12,1,"INDOSAT TBK, PT.",22050,23058,28000,HUAWEI_RTN 600_23G_XMC2_128Q_14M_158M,032413_AMPANG GADANG_AGAM,JORONG KOTO HILALANG NAGARI LAMBAH KECAMATAN AMPEK ANGKEK KABUPATEN AGAM PROVINSI SUMATERA BARAT,100.4455917,-0.28819167,1.338,0,17,17.49,S,100,26,44.13,E,02865557-000SU/2620242029,17-May-24,2.00E+12,27-May-26,030061_SD IMPRES - PARAK TANJUNG,0,17,24.47,S,100,26,1.43,E
2.00E+12,2,"INDOSAT TBK, PT.",23058,22050,28000,HUAWEI_RTN 600_23G_XMC2_128Q_14M_158M,030061_SD IMPRES - PARAK TANJUNG,"JL SD IMPRES PARAK TANJUNG JORONG BIARO NAGARI BIARO GADANG KEC AMPEK ANGKEK,PARAK TANJUNG - AMPEK ANGKEK,PADANG,SUMATRA BARAT (100.43373, -.29013)",100.4337306,-0.29013056,1.338,0,17,24.47,S,100,26,1.43,E,02865558-000SU/2620242029,17-May-24,2.00E+12,27-May-26,032413_AMPANG GADANG_AGAM,0,17,17.49,S,100,26,44.13,E
2.06E+12,2,"TELEKOMUNIKASI SELULAR, PT.",22106,23114,28000,ERICSSON ML 23TN,BKT106_PARIK PUTUIH,"Bonjo Alam, Agam, Sumatera Barat, Sumatera, 26126, Indonesia",100.4021875,-0.2986875,1.017,0,17,55.275,S,100,24,7.875,E,02157541-000SU/2620192024,8-Nov-24,2.06E+12,8-Oct-26,BKT136_TANJUNG ALAM,0,17,37.725,S,100,24,35.775,E
2.12E+12,2,"XLSMART TELECOM SEJAHTERA, PT.",23450,22442,28000,FIBEAIR IP-20C (23GHZ),NPDG_0051_SD Impres - Parak Tanjung,"Jl Dusun Balai Bagamba,jorong biaro,Nagari biao gadang,Kec ampek angkek,Kab Agam Prop Sumatra barat",100.4353111,-0.29131111,2.254,0,17,28.72,S,100,26,7.12,E,02237079-000SU/2620202025,22-Mar-24,2.12E+12,21-Jan-27,NPDG_0229_Biaro,0,16,59.92,S,100,25,0.07,E
2.15E+12,1,"TELEKOMUNIKASI SELULAR, PT.",23506,22498,28000,ERICSSON   23TN_Point to Point 28 GHz,BKT136_Tanjung Alam,JL  TANJUNG ALAM DESA TANJUNGALAM KEC IV ANGKAT AGAM,100.4099375,-0.2938125,1.017,0,17,37.725,S,100,24,35.775,E,02273763-000SU/2620202025,4-Nov-24,2.15E+12,3-May-27,BKT106_BKT WBBC 5,0,17,55.275,S,100,24,7.875,E
24265012018,2,"INDOSAT TBK, PT.",7687,,28000,7G_XMC2_32Q_28M_108M,030192_PARIT PUTUS,"JL. LINTAS PAYAKUMBUH - BUKIT TINGGI, JORONG TANJUNG ALAM,,NAGARI BIARO GADANG, KECAMATAN AMPE ANGKEK CANDUANG, KABUPATEN AGAM,PADANG,SUMATRA BARAT",100.4104389,-0.29318889,12.25,0,17,35.48,S,100,24,37.58,E,02007613-000SU/2620182023,27-Oct-25,24265012018,28-Jan-27,038001_TANJUNG - PANDAI SINGKEK,0,23,43.125,S,100,22,9.975,E
2.48E+12,1,TELEKOMUNIKASI INDONESIA TBK,22470,23478,28000,MINI-LINK CN 210/CN510-23GHZ,LBB274_Panampuang Angkek,"Jorong surau lauik, nagari panampuang, kec.ampek.angkek Kab Agam",100.4362,-0.27131944,2.07,0,16,16.75,S,100,26,10.32,E,02511855-000SU/2620212026,16-Dec-21,2.48E+12,16-Dec-26,LBB172_Biaro,0,17,22.2,S,100,25,54.12,E
2.06E+12,1,"INDOSAT TBK, PT.",22358,23366,28000,23G_XMC2_256Q_28M_183M,030659_PAKAN LADANG,JL. RAYA TIGO BALEH KOTO KACIAK PAKAN LADANG KEC.AUR KUNING TIGO BALEH KODYA BUKIT TINGGI,100.4028111,-0.31143889,1.412,0,18,41.18,S,100,24,10.12,E,02933846-000SU/2620242029,7-Nov-24,2.06E+12,13-Nov-26,030704_KAMPUANG NAN LIMO,0,17,55.275,S,100,24,7.875,E
2.06E+12,1,"INDOSAT TBK, PT.",22218,23226,28000,23G_XMC2_256Q_28M_183M,030659_PAKAN LADANG,JL. RAYA TIGO BALEH KOTO KACIAK PAKAN LADANG KEC.AUR KUNING TIGO BALEH KODYA BUKIT TINGGI,100.4028111,-0.31143889,1.412,0,18,41.18,S,100,24,10.12,E,02933814-000SU/2620242029,7-Nov-24,2.06E+12,13-Nov-26,030704_KAMPUANG NAN LIMO,0,17,55.275,S,100,24,7.875,E
27846062018,1,"INDOSAT TBK, PT.",15271,14781,28000,15G_XMC2_128Q_28M_157M,030061_SD Impres - Parak Tanjung,"Jl SD Impres Parak Tanjung Jorong Biaro Nagari Biaro Gadang Kec Ampek Angkek,Parak Tanjung - Ampek Angkek,Padang,Sumatra Barat",100.4337306,-0.29013056,3.37,0,17,24.47,S,100,26,1.43,E,02040310-000SU/2620182023,6-Jun-18,27846062018,7-Jun-26,030195_Baso,0,17,7.6,S,100,27,49.19,E
2.46E+12,1,"INDOSAT TBK, PT.",22442,,28000,23G_XMC2_128Q_28M_157M,030659_PAKAN LADANG,JL. RAYA TIGO BALEH KOTO KACIAK PAKAN LADANG KEC.AUR KUNING TIGO BALEH KODYA BUKIT TINGGI,100.4028111,-0.31143889,1.421,0,18,41.18,S,100,24,10.12,E,02496853-000SU/2620212026,23-Jan-26,2.46E+12,1-Nov-26,030700_PINTU ANGIN,0,17,55.275,S,100,24,7.875,E
2.46E+12,1,"INDOSAT TBK, PT.",22358,,28000,23G_XMC2_128Q_28M_157M,030659_PAKAN LADANG,JL. RAYA TIGO BALEH KOTO KACIAK PAKAN LADANG KEC.AUR KUNING TIGO BALEH KODYA BUKIT TINGGI,100.4028111,-0.31143889,1.421,0,18,41.18,S,100,24,10.12,E,02496857-000SU/2620212026,23-Jan-26,2.46E+12,1-Nov-26,030700_PINTU ANGIN,0,17,55.275,S,100,24,7.875,E
2.31E+12,1,"INDOSAT TBK, PT.",7331,,28000,7G_XMC2_128Q_28M_157M,030192_PARIT PUTUS,"JL. LINTAS PAYAKUMBUH - BUKIT TINGGI, JORONG TANJUNG ALAM,,NAGARI BIARO GADANG, KECAMATAN AMPE ANGKEK CANDUANG, KABUPATEN AGAM,PADANG,SUMATRA BARAT",100.4104389,-0.29318889,12.18,0,17,35.48,S,100,24,37.58,E,02417442-000SU/2620212026,25-Mar-25,2.31E+12,25-Jan-27,038001_BUKIT TINGGI,0,23,43.125,S,100,22,9.975,E
2.46E+12,1,"INDOSAT TBK, PT.",22134,23142,28000,23G_XMC2_128Q_28M_157M,030659_PAKAN LADANG,JL. RAYA TIGO BALEH KOTO KACIAK PAKAN LADANG KEC.AUR KUNING TIGO BALEH KODYA BUKIT TINGGI,100.4028028,-0.311475,1.41,0,18,41.31,S,100,24,10.09,E,02497119-000SU/2620212026,2-Nov-21,2.46E+12,2-Nov-26,030700_PINTU ANGIN,0,17,55.47,S,100,24,8.25,E
2.06E+12,2,"INDOSAT TBK, PT.",23366,22358,28000,23G_XMC2_256Q_28M_183M,030704_KAMPUANG NAN LIMO,"Bonjo Alam, Agam, Sumatera Barat, Sumatera, 26126, Indonesia",100.4021875,-0.2986875,1.412,0,17,55.275,S,100,24,7.875,E,02933847-000SU/2620242029,7-Nov-24,2.06E+12,13-Nov-26,030659_PAKAN LADANG,0,18,41.18,S,100,24,10.12,E
2.15E+12,2,"XLSMART TELECOM SEJAHTERA, PT.",13171,12905,28000,FIBEAIR IP-20C (13GHZ),NPDG_0103_PINTU ANGIN,"Bonjo Alam, Agam, Sumatera Barat, Sumatera, 26126, Indonesia",100.4021875,-0.2986875,5.612,0,17,55.275,S,100,24,7.875,E,,5-Jun-24,2.15E+12,5-May-26,NPDG_0106_KAMANG MAGEK (BUKAN DALAM KOTA),0,15,2.475,S,100,25,6.825,E
2.46E+12,2,"INDOSAT TBK, PT.",23226,,28000,23G_XMC2_128Q_28M_157M,030700_PINTU ANGIN,"Bonjo Alam, Agam, Sumatera Barat, Sumatera, 26126, Indonesia",100.4021875,-0.2986875,1.421,0,17,55.275,S,100,24,7.875,E,02496856-000SU/2620212026,23-Jan-26,2.46E+12,1-Nov-26,030659_PAKAN LADANG,0,18,41.18,S,100,24,10.12,E
2.46E+12,2,"INDOSAT TBK, PT.",23450,,28000,23G_XMC2_128Q_28M_157M,030700_PINTU ANGIN,"Bonjo Alam, Agam, Sumatera Barat, Sumatera, 26126, Indonesia",100.4021875,-0.2986875,1.421,0,17,55.275,S,100,24,7.875,E,02496854-000SU/2620212026,23-Jan-26,2.46E+12,1-Nov-26,030659_PAKAN LADANG,0,18,41.18,S,100,24,10.12,E
2.52E+12,1,"XLSMART TELECOM SEJAHTERA, PT.",23310,22302,28000,ZXMW NR8961 23G,SSG_0670-NPDG_0051-SD Inpres - Parak Tanjung,"Jl. SD Impres Parak Tanjung Jorong Biaro, Kel. Nagari Biaro Gadang, Kec. Ampek Angkek Parak Tanjung - Ampek Angkek, Kab. Padang",100.4352722,-0.29130278,1.2,0,17,28.69,S,100,26,6.98,E,02536639-000SU/2620222027,11-Feb-22,2.52E+12,13-Feb-26,IN20_NS_0066-NPDG_0306-AMPANG GADANG_AGAM,0,17,17.3,S,100,26,44.1,E
2.06E+12,2,"INDOSAT TBK, PT.",23450,22442,28000,23G_XMC2_256Q_28M_183M,030704_KAMPUANG NAN LIMO,"Bonjo Alam, Agam, Sumatera Barat, Sumatera, 26126, Indonesia",100.4021875,-0.2986875,1.412,0,17,55.275,S,100,24,7.875,E,02933917-000SU/2620242029,7-Nov-24,2.06E+12,13-Nov-26,030659_PAKAN LADANG,0,18,41.18,S,100,24,10.12,E
2.46E+12,2,"INDOSAT TBK, PT.",23142,22134,28000,23G_XMC2_128Q_28M_157M,030700_PINTU ANGIN,"JORONG PARIT PUTUIH, NAGARI AMPANG GADANG, KENAGARIAN AMPEK ANGKEK, KABUPATEN AGAM, PROPINSI SUMATERA BARAT",100.4022917,-0.29874167,1.41,0,17,55.47,S,100,24,8.25,E,02497120-000SU/2620212026,2-Nov-21,2.46E+12,2-Nov-26,030659_PAKAN LADANG,0,18,41.31,S,100,24,10.09,E
2.06E+12,1,"INDOSAT TBK, PT.",22442,23450,28000,23G_XMC2_256Q_28M_183M,030659_PAKAN LADANG,JL. RAYA TIGO BALEH KOTO KACIAK PAKAN LADANG KEC.AUR KUNING TIGO BALEH KODYA BUKIT TINGGI,100.4028111,-0.31143889,1.412,0,18,41.18,S,100,24,10.12,E,02933916-000SU/2620242029,7-Nov-24,2.06E+12,13-Nov-26,030704_KAMPUANG NAN LIMO,0,17,55.275,S,100,24,7.875,E
2.46E+12,2,"INDOSAT TBK, PT.",23366,,28000,23G_XMC2_128Q_28M_157M,030700_PINTU ANGIN,"Bonjo Alam, Agam, Sumatera Barat, Sumatera, 26126, Indonesia",100.4021875,-0.2986875,1.421,0,17,55.275,S,100,24,7.875,E,02496858-000SU/2620212026,23-Jan-26,2.46E+12,1-Nov-26,030659_PAKAN LADANG,0,18,41.18,S,100,24,10.12,E
2.06E+12,1,"TELEKOMUNIKASI SELULAR, PT.",23114,22106,28000,ERICSSON ML 23TN,BKT136_TANJUNG ALAM,JL  TANJUNG ALAM DESA TANJUNGALAM KEC IV ANGKAT AGAM,100.4099375,-0.2938125,1.017,0,17,37.725,S,100,24,35.775,E,02157540-000SU/2620192024,8-Nov-24,2.06E+12,8-Oct-26,BKT106_PARIK PUTUIH,0,17,55.275,S,100,24,7.875,E
2.46E+12,1,"INDOSAT TBK, PT.",22218,,28000,23G_XMC2_128Q_28M_157M,030659_PAKAN LADANG,JL. RAYA TIGO BALEH KOTO KACIAK PAKAN LADANG KEC.AUR KUNING TIGO BALEH KODYA BUKIT TINGGI,100.4028111,-0.31143889,1.421,0,18,41.18,S,100,24,10.12,E,02496855-000SU/2620212026,23-Jan-26,2.46E+12,1-Nov-26,030700_PINTU ANGIN,0,17,55.275,S,100,24,7.875,E
2.48E+12,2,TELEKOMUNIKASI INDONESIA TBK,23478,22470,28000,MINI-LINK CN 210/CN510-23GHZ,LBB172_Biaro,JL. BIARO LASI JORONG BIARO KEWALINAGARIAN BIARO GADANG KEC.IV ANGKAT AGAM,100.4317,-0.2895,2.07,0,17,22.2,S,100,25,54.12,E,02511856-000SU/2620212026,16-Dec-21,2.48E+12,16-Dec-26,LBB274_Panampuang Angkek,0,16,16.75,S,100,26,10.32,E
2.48E+12,2,TELEKOMUNIKASI INDONESIA TBK,14473,14963,28000,MINI-LINK CN 210/CN510-15 GHZ,LBB244_Batu Kambing,Batu Kambing Jorong Pasar Kel.Batu Kambing kec.Ampe Nagari Kab.Agam,100.0606444,-0.20158611,3.02,0,12,5.71,S,100,3,38.32,E,02511012-000SU/2620212026,15-Dec-21,2.48E+12,15-Dec-26,LBB282_BATU KAMBING,0,11,33.79,S,100,5,10.57,E
25386022017,2,"INDOSAT TBK, PT.",13020.5,12754.5,7000,IPASOLINK 100E KAPASITAS  10-400 MBPS FREKUENSI 13 GHZ,BTS BAWAAN,"JL. LINTAS PASAMAN - PARIAMAN, DUSUN BAWAAN TUO JORONG BAWAAN",100.0291861,-0.18006111,2.806,0,10,48.22,S,100,1,45.07,E,01930458-000SU/2620172022,13-May-24,25386022017,22-Feb-27,PT APLIKANUSA LINTASARTA,0,9,16.87,S,100,1,43.72,E
2.00E+12,1,TELEKOMUNIKASI INDONESIA TBK,10955,11485,40000,ERICSSON MINI-LINK 6651 11 GHz 6363,LBB015_Bawan,"Lubuk Basung, Kec. Lubuk Basung, Kabupaten Agam, Sumatera Barat 26161",100.04831,-0.2611,7.087,0,15,39.96,S,100,2,53.916,E,02867997-000SU/2620242029,17-May-24,2.00E+12,6-Jun-26,LBB001_PT Kammu,0,15,49.392,S,99,59,4.92,E
2.05E+12,1,"TELEKOMUNIKASI SELULAR, PT.",15243,14753,28000,ERICSSON MINILINK TN_MLTN 15Ghz 4E1,LBB039_BAWAN ALUNG,JORONG LUBUK ALUNG NAGARI III KOTO KEC. IV NAGARI AGAM,99.9906875,-0.2379375,3.035,0,14,16.575,S,99,59,26.475,E,02145345-000SU/2620192024,10-Dec-24,2.05E+12,16-Sep-26,LBB001_PT KAMMU,0,15,52.875,S,99,59,4.425,E
2.06E+12,1,"TELEKOMUNIKASI SELULAR, PT.",15215,14725,28000,ERICSSON MINILINK TN_ML 15E HP 4E1,LBB039_Bawan Alung,JORONG LUBUK ALUNG NAGARI III KOTO KEC. IV NAGARI AGAM,99.9906875,-0.2379375,3.035,0,14,16.575,S,99,59,26.475,E,02160535-000SU/2620192024,10-Dec-24,2.06E+12,12-Oct-26,LBB001_PT KAMU,0,15,52.875,S,99,59,4.425,E
2.08E+12,3,"INDOSAT TBK, PT.",10755,,40000,RTN 900 10.7 GHZ,03LBU0013_NAGARI_BAWAN_CM,"Bawan, Kec. IV Nagari, Kabupaten Agam, Sumatera Barat 26161",100.0065639,-0.22306389,4.958,0,13,23.03,S,100,0,23.63,E,02952267-000SU/2620252030,6-Feb-25,2.08E+12,20-Feb-27,03LBU0011_RAYA_TIKU_PL,0,15,48.82,S,99,59,14.77,E
2.05E+12,2,"TELEKOMUNIKASI SELULAR, PT.",7303,7142,28000,MINI-LINK CN 210/CN510-7/8GHZ,LBB092_TOWER BASUNG,JL PT AMP PLANTATIONJORONG ANAK AIR KASIANG NAGARI BAWAN  KEC AMPEK NAGARI KAB AGAM,99.9230625,-0.1980625,28.619,0,11,53.025,S,99,55,23.025,E,02149513-000SU/2620192024,4-Nov-24,2.05E+12,23-Sep-26,LSK148_KINALI,0,3,37.575,N,99,54,37.125,E
2.07E+12,2,"TELEKOMUNIKASI SELULAR, PT.",7233,7394,14000,MINI-LINK CN 210/CN510-7/8GHZ,LBB092_Tower Basung,JL PT AMP PLANTATIONJORONG ANAK AIR KASIANG NAGARI BAWAN  KEC AMPEK NAGARI KAB AGAM,99.9230625,-0.1980625,28.619,0,11,53.025,S,99,55,23.025,E,02177358-000SU/2620192024,26-Nov-24,2.07E+12,31-Oct-26,LSK148_Kinali,0,3,37.575,N,99,54,37.125,E
2.16E+12,2,"TELEKOMUNIKASI SELULAR, PT.",15159,14669,28000,MINI-LINK CN 210/CN510-15 GHZ,LBB039_BAWAN ALUNG,JORONG LUBUK ALUNG NAGARI III KOTO KEC. IV NAGARI AGAM,99.9906875,-0.2379375,3.035,0,14,16.575,S,99,59,26.475,E,02282396-000SU/2620202025,10-Dec-24,2.16E+12,25-May-26,LBB001_PT. KAMU,0,15,52.875,S,99,59,4.425,E
2.48E+12,1,TELEKOMUNIKASI INDONESIA TBK,14963,14473,28000,MINI-LINK CN 210/CN510-15 GHZ,LBB282_BATU KAMBING,"Jorong Tandikek Nagari Sitalang Kecamatan Ampek Nagari, Kabupaten Agam Propinsi Sumatera Barat",100.0862694,-0.19271944,3.02,0,11,33.79,S,100,5,10.57,E,02511011-000SU/2620212026,15-Dec-21,2.48E+12,15-Dec-26,LBB244_Batu Kambing,0,12,5.71,S,100,3,38.32,E
2.91E+12,2,"TELEKOMUNIKASI SELULAR, PT.",7233,7394,14000,MINI-LINK CN 210/CN510-7/8GHZ,LBB092_Tower Basung,JL PT AMP PLANTATIONJORONG ANAK AIR KASIANG NAGARI BAWAN  KEC AMPEK NAGARI KAB AGAM,99.9230625,-0.1980625,28.619,0,11,53.025,S,99,55,23.025,E,02763236-000SU/2620232028,7-Nov-24,2.91E+12,24-Sep-26,LSK148_KINALI,0,3,37.575,N,99,54,37.125,E
2.75E+12,1,"TELEKOMUNIKASI SELULAR, PT.",7226,,28000,MINI-LINK CN 210/CN510-7/8GHZ,LBB092_Tower Basung,JL PT AMP PLANTATIONJORONG ANAK AIR KASIANG NAGARI BAWAN  KEC AMPEK NAGARI KAB AGAM,99.9230625,-0.1980625,28.619,0,11,53.025,S,99,55,23.025,E,02633673-000SU/2620222027,6-Jan-25,2.75E+12,18-Dec-26,LSK148_Kinali,0,3,37.575,N,99,54,37.125,E
2.15E+12,1,"INDOSAT TBK, PT.",23086,22078,28000,UBT T,032085_032085_PERTOKOAN_PADANG_LUAR_3G,"Jorong cingkariang, Nagari cingkariang, Kec.Banuhampu Kab.Agam Prop. Sumatera BaratNagari CingkariangKecamatan Banuhampu",100.3860278,-0.35355556,1.25,0,21,12.8,S,100,23,9.7,E,02271263-000SU/2620202025,27-Apr-20,2.15E+12,26-Apr-26,030780_PADANG_LUAR,0,20,35.7,S,100,23,26.5,E
2.15E+12,2,"INDOSAT TBK, PT.",22078,23086,28000,UBT T,030780_PADANG_LUAR,"Jl. Parit Lintang Nagari Ladang Laweh, Kec. Banuhampu, Agam",100.3906944,-0.34325,1.25,0,20,35.7,S,100,23,26.5,E,02271264-000SU/2620202025,27-Apr-20,2.15E+12,26-Apr-26,032085_032085_PERTOKOAN_PADANG_LUAR_3G,0,21,12.8,S,100,23,9.7,E
2.19E+12,1,"XLSMART TELECOM SEJAHTERA, PT.",10995,11525,40000,CERAGON - FIBERAIR 1P-20C (11 GHZ),SSG_0650-NPDG_0035_RAYA PADANG LUA - PADANG LUA,"JL. RAYA PADANG LUA JORONG, KEL. PADANG LUA, KEC. NAGARI PADANG LUA, KAB. AGAM PADANG",100.3817667,-0.33808056,7.21,0,20,17.09,S,100,22,54.36,E,02315772-000SU/2620202025,5-Aug-20,2.19E+12,4-Aug-26,SSG_0657-NPDG_0041_KAYU NAN ROMPOK - PADANG PANJANG 1,0,23,42.03,S,100,24,47.93,E
2.19E+12,1,"XLSMART TELECOM SEJAHTERA, PT.",10915,11445,40000,CERAGON - FIBERAIR 1P-20C (11 GHZ),SSG_0650-NPDG_0035_RAYA PADANG LUA - PADANG LUA,"JL. RAYA PADANG LUA JORONG, KEL. PADANG LUA, KEC. NAGARI PADANG LUA, KAB. AGAM PADANG",100.3817667,-0.33808056,7.21,0,20,17.09,S,100,22,54.36,E,02315774-000SU/2620202025,5-Aug-20,2.19E+12,4-Aug-26,SSG_0657-NPDG_0041_KAYU NAN ROMPOK - PADANG PANJANG 1,0,23,42.03,S,100,24,47.93,E
2.34E+12,2,"XLSMART TELECOM SEJAHTERA, PT.",12905,13171,28000,FIBEAIR IP-20C (13GHZ),Infill_NS363-NPDG_0149-KAMPUNG NAN LIMO,"Kampuang Nan Limo Nagari Putiah Kec. Banuhampu Kab. Agam, BANUHAMPU",100.4009972,-0.33207778,4.04,0,19,55.48,S,100,24,3.59,E,02430319-000SU/2620212026,8-Mar-21,2.34E+12,8-Mar-26,SSG_0609-NPDG_0006-BUKIT TINGGI KOTA,0,18,10.48,S,100,22,44.94,E
2.34E+12,2,"XLSMART TELECOM SEJAHTERA, PT.",12933,13199,28000,FIBEAIR IP-20C (13GHZ),Infill_NS363-NPDG_0149-KAMPUNG NAN LIMO,"Kampuang Nan Limo Nagari Putiah Kec. Banuhampu Kab. Agam, BANUHAMPU",100.4009972,-0.33207778,4.04,0,19,55.48,S,100,24,3.59,E,02430317-000SU/2620212026,8-Mar-21,2.34E+12,8-Mar-26,SSG_0609-NPDG_0006-BUKIT TINGGI KOTA,0,18,10.48,S,100,22,44.94,E
2.07E+12,2,"INDOSAT TBK, PT.",14725,15215,28000,15G_XMC2_128Q_28M_157M,030704_KAMPUANG NAN LIMO,"KAMPUANG NAN LIMO NAGARI KUBANG PUTIAH KEC. BANUHAMPU, AGAM",100.4008056,-0.33208333,4.32,0,19,55.5,S,100,24,2.9,E,02166574-000SU/2620192024,28-Oct-21,2.07E+12,22-Oct-26,030782_SITAPUANG,0,19,7.1,S,100,26,14.03,E
2.91E+12,2,"INDOSAT TBK, PT.",22015,23023,14000,ZTE ZXMW SRU2 23G,08LBB004_PADANG_LUAR,JORONG PARIT LINTANG DESA LADANG LAWEH NAGARI LADANG LAWEH KAB. AGAM,100.3909167,-0.343,1.232,0,20,34.8,S,100,23,27.3,E,02758302-000SU/2620232028,8-Sep-23,2.91E+12,3-Oct-26,BSM CMFO BUKIT TINGGI,0,20,10,S,100,22,56,E
2.97E+12,1,"INDOSAT TBK, PT.",23086,22078,28000,ALCATEL-LUCENT 9500 MPR,032085_032085_PERTOKOAN_PADANG_LUAR_3G,"Jorong cingkariang, Nagari cingkariang, Kec.Banuhampu Kab.Agam Prop. Sumatera BaratNagari CingkariangKecamatan Banuhampu",100.3860278,-0.35355556,1.255,0,21,12.8,S,100,23,9.7,E,02823728-000SU/2620242029,31-Jan-24,2.97E+12,6-Feb-26,030780_PADANG_LUAR,0,20,35.6,S,100,23,26.5,E
2.97E+12,2,"INDOSAT TBK, PT.",22078,23086,28000,ALCATEL-LUCENT 9500 MPR,030780_PADANG_LUAR,"Jl. Parit Lintang Nagari Ladang Laweh, Kec. Banuhampu, Agam",100.3906944,-0.34322222,1.255,0,20,35.6,S,100,23,26.5,E,02823729-000SU/2620242029,31-Jan-24,2.97E+12,6-Feb-26,032085_032085_PERTOKOAN_PADANG_LUAR_3G,0,21,12.8,S,100,23,9.7,E
2.05E+12,2,"INDOSAT TBK, PT.",14585,15075,28000,15G_XMC2_128Q_28M_157M,030704_KAMPUANG NAN LIMO,"Jalan Lintas Canduang-Koto Baru, Pasia, Agam, Sumatera Barat, Sumatera, 26191, Indonesia",100.4009375,-0.3320625,4.316,0,19,55.425,S,100,24,3.375,E,02917854-000SU/2620242029,17-Sep-24,2.05E+12,19-Sep-26,030782_SITAPUANG,0,19,6.825,S,100,26,14.325,E
2.02E+12,2,"XLSMART TELECOM SEJAHTERA, PT.",22050,,28000,IPASOLINK400_23GHZ,3253316G Padang Luar,"Ladang Laweh, Kec. Banuhampu, Kab. Agam, Sumatera Barat",100.3810625,-0.3366875,1.956,0,20,12.075,S,100,22,51.825,E,02880675-000SU/2620242025,12-Sep-25,2.02E+12,14-Jul-26,3252700G MANGGIS/GANTING KOTA BUKITTINGGI,0,19,9.525,S,100,22,42.375,E
2.02E+12,2,"XLSMART TELECOM SEJAHTERA, PT.",22106,,28000,IPASOLINK400_23GHZ,3316 PADANG LUAR,"Ladang Laweh, Kec. Banuhampu, Kab. Agam, Sumatera Barat",100.3810625,-0.3366875,1.956,0,20,12.075,S,100,22,51.825,E,02880569-000SU/2620242025,12-Sep-25,2.02E+12,14-Jul-26,3252700G MANGGIS/GANTING KOTA BUKITTINGGI,0,19,9.525,S,100,22,42.375,E
2.08E+12,2,"INDOSAT TBK, PT.",22162,,28000,Huawei RTN XMC 23G-3 23 GHz,03LBU0056-PADANG_LUAR_EP,"Jl. Nan Tujuah, Ladang Laweh, Kec. Banuhampu, Kabupaten Agam, Sumatera Barat 26181",100.3908111,-0.34331389,1.263,0,20,35.93,S,100,23,26.92,E,02961330-000SU/2620252030,14-Apr-25,2.08E+12,20-Apr-26,03LBU0052-PERTOKOAN_PADANG_LUAR_TB,0,21,13.275,S,100,23,9.825,E
2.89E+12,1,"INDOSAT TBK, PT.",14697,,28000,Huawei RTN XMC 15G-3 15 GHz,03LBU0044_JAMBU_AIR_EP,"Bukittinggi, Taluak Ampek Suku, Kec. Banuhampu, Kabupaten Agam, Sumatera Barat 26181",100.3790639,-0.32493889,3.309,0,19,29.78,S,100,22,44.63,E,02740065-000SU/2620232028,15-Aug-25,2.89E+12,10-Aug-26,03LBU0037_GUGUK_RANDAH_TB,0,20,25.125,S,100,21,12.825,E
2.12E+12,2,"INDOSAT TBK, PT.",10795,,40000,Huawei RTN XMC 11G-3 11 GHz,03LBU0054-TALUAK_KUBANG_PUTIH_TB,"JL.TALUAK NO.34, JORONG TELUK, NAGARI TALUAK IV, KEC.BANUHAMPU, KAB.AGAM",100.3894361,-0.32906389,4.97,0,19,44.63,S,100,23,21.97,E,03032216-000SU/2620252030,20-Oct-25,2.12E+12,26-Oct-26,03LBU0117-BUKIK_BATABUAH,0,19,49.575,S,100,26,2.625,E
2.06E+12,1,"INDOSAT TBK, PT.",22246,23254,28000,23G_XMC2_256Q_28M_183M,032430_SIMPANG TALUAK,JL RAYA JAMBU AIR  AGAM  SUMATERA BARAT,100.3860611,-0.32656389,0.466,0,19,35.63,S,100,23,9.82,E,02934188-000SU/2620242029,7-Nov-24,2.06E+12,13-Nov-26,032043_TALUAK_KUBANG_PUTIH_3G,0,19,44.63,S,100,23,21.97,E
2.08E+12,1,"INDOSAT TBK, PT.",23366,,28000,Huawei RTN XMC 23G-3 23 GHz,03LBU0052-PERTOKOAN_PADANG_LUAR_TB,"Jalan Padang Panjang - Bukittinggi, Ladang Laweh, Agam, Sumatera Barat, Sumatera, 26132, Indonesia",100.3860625,-0.3536875,1.263,0,21,13.275,S,100,23,9.825,E,02961279-000SU/2620252030,14-Apr-25,2.08E+12,20-Apr-26,03LBU0056-PADANG_LUAR_EP,0,20,35.93,S,100,23,26.92,E
2.08E+12,1,"INDOSAT TBK, PT.",23170,,28000,Huawei RTN XMC 23G-3 23 GHz,03LBU0052-PERTOKOAN_PADANG_LUAR_TB,"Jalan Padang Panjang - Bukittinggi, Ladang Laweh, Agam, Sumatera Barat, Sumatera, 26132, Indonesia",100.3860625,-0.3536875,1.263,0,21,13.275,S,100,23,9.825,E,02961329-000SU/2620252030,14-Apr-25,2.08E+12,20-Apr-26,03LBU0056-PADANG_LUAR_EP,0,20,35.93,S,100,23,26.92,E
2.98E+12,2,"INDOSAT TBK, PT.",22078,,28000,Huawei RTN XMC 23G-3 23 GHz,03LBU0056-PADANG_LUAR_EP,"Jalan Padang Panjang - Bukittinggi, Ladang Laweh, Agam, Sumatera Barat, Sumatera, 26132, Indonesia",100.3860625,-0.3536875,1.263,0,21,13.275,S,100,23,9.825,E,02836922-000SU/2620242029,31-Jul-25,2.98E+12,17-Mar-26,03LBU0052-PERTOKOAN_PADANG_LUAR_TB,0,20,35.93,S,100,23,26.92,E
2.88E+12,1,"INDOSAT TBK, PT.",14445,14935,28000,Huawei RTN XMC 15G-3 15 GHz,03LBU0044_JAMBU_AIR_EP,JL. RAYA JAMBU AIR NO. 66 NAGARI TALUAK IV SUKU KE,100.3791,-0.32501111,3.308,0,19,30.04,S,100,22,44.76,E,02733385-000SU/2620232028,30-Jul-24,2.88E+12,26-Jul-26,03LBU0037_GUGUK_RANDAH_TB,0,20,25.125,S,100,21,12.825,E
2.14E+12,1,"TELEKOMUNIKASI SELULAR, PT.",14613,15103,28000,MINI-LINK CN 210/CN510-15 GHZ,BKT039_BtTinggi 2,JL  PAKAN AMPEK PADANG LUAR KEL  LADANG LAWAS KEC BANUHAMPU AGAM,100.3880625,-0.3409375,2.841,0,20,27.375,S,100,23,17.025,E,,8-Nov-24,2.14E+12,2-Apr-26,LBB110_Limo Suku,0,20,48.075,S,100,24,46.575,E
2.06E+12,2,"INDOSAT TBK, PT.",23254,22246,28000,23G_XMC2_256Q_28M_183M,032043_TALUAK_KUBANG_PUTIH_3G,"JL.TALUAK NO.34, JORONG TELUK, NAGARI TALUAK IV, KEC.BANUHAMPU, KAB.AGAM",100.3894361,-0.32906389,0.466,0,19,44.63,S,100,23,21.97,E,02934189-000SU/2620242029,7-Nov-24,2.06E+12,13-Nov-26,032430_SIMPANG TALUAK,0,19,35.63,S,100,23,9.82,E
2.98E+12,1,"INDOSAT TBK, PT.",23086,,28000,Huawei RTN XMC 23G-3 23 GHz,03LBU0052-PERTOKOAN_PADANG_LUAR_TB,"Jl. Nan Tujuah, Ladang Laweh, Kec. Banuhampu, Kabupaten Agam, Sumatera Barat 26181",100.3908111,-0.34331389,1.263,0,20,35.93,S,100,23,26.92,E,02836921-000SU/2620242029,31-Jul-25,2.98E+12,17-Mar-26,03LBU0056-PADANG_LUAR_EP,0,21,13.275,S,100,23,9.825,E
2.28E+12,2,"INDOSAT TBK, PT.",14641,15131,28000,15G_XMC2_128Q_28M_157M,030704_KAMPUANG NAN LIMO,"KAMPUANG NAN LIMO NAGARI KUBANG PUTIAH KEC. BANUHAMPU, AGAM",100.4008056,-0.33208333,4.32,0,19,55.5,S,100,24,2.9,E,02396794-000SU/2620202025,1-Dec-20,2.28E+12,1-Dec-26,030782_SITAPUANG,0,19,7.11,S,100,26,14.04,E
2.08E+12,2,"INDOSAT TBK, PT.",22358,,28000,Huawei RTN XMC 23G-3 23 GHz,03LBU0056-PADANG_LUAR_EP,"Jl. Nan Tujuah, Ladang Laweh, Kec. Banuhampu, Kabupaten Agam, Sumatera Barat 26181",100.3908111,-0.34331389,1.263,0,20,35.93,S,100,23,26.92,E,02961280-000SU/2620252030,14-Apr-25,2.08E+12,20-Apr-26,03LBU0052-PERTOKOAN_PADANG_LUAR_TB,0,21,13.275,S,100,23,9.825,E
2.12E+12,2,"XLSMART TELECOM SEJAHTERA, PT.",23030,22022,28000,FIBEAIR IP-20C (23GHZ),NPDG_0149_KAMPUNG NAN LIMO,Jorong Koto Pinang Nagari Ujung Gading Kecamatan Lembah Melintang Kabupaten Pasaman,100.4009889,-0.33193889,1.81,0,19,54.98,S,100,24,3.56,E,02242843-000SU/2620202025,7-Feb-20,2.12E+12,6-Feb-26,NPDG_0095_BATU TABA,0,19,13.4,S,100,24,45,E
2.19E+12,1,"XLSMART TELECOM SEJAHTERA, PT.",11075,11605,40000,CERAGON - FIBERAIR 1P-20C (11 GHZ),SSG_0650-NPDG_0035_RAYA PADANG LUA - PADANG LUA,"JL. RAYA PADANG LUA JORONG, KEL. PADANG LUA, KEC. NAGARI PADANG LUA, KAB. AGAM PADANG",100.3817667,-0.33808056,7.21,0,20,17.09,S,100,22,54.36,E,02315770-000SU/2620202025,5-Aug-20,2.19E+12,4-Aug-26,SSG_0657-NPDG_0041_KAYU NAN ROMPOK - PADANG PANJANG 1,0,23,42.03,S,100,24,47.93,E
2.91E+12,1,"INDOSAT TBK, PT.",23023,22015,14000,ZTE ZXMW SRU2 23G,BSM CMFO BUKIT TINGGI,JL. BYPASS KM. 6 SIMPANG KETAPING UNAND KELURAHAN PASAR AMBACANG,100.3822222,-0.33611111,1.232,0,20,10,S,100,22,56,E,02758301-000SU/2620232028,8-Sep-23,2.91E+12,3-Oct-26,08LBB004_PADANG_LUAR,0,20,34.8,S,100,23,27.3,E
2.03E+12,1,TELEKOMUNIKASI INDONESIA TBK,14585,15075,28000,MINI-LINK CN 210/CN510-15 GHZ,LBB198_KOTO TINGGI,LBB198_KOTO TINGGI KECAMATAN BASO KAB AGAM SUMBAR,100.4746,-0.31565,2.15,0,18,56.34,S,100,28,28.56,E,01979429-000SU/2620172022,26-Jul-19,2.03E+12,23-Nov-26,LBB086_BUKITBULATBASO,0,19,52.3999992,S,100,29,9.62016,E
2.11E+12,2,"INDOSAT TBK, PT.",14613,15103,28000,15G_XMC2_128Q_28M_157M,030195_Baso,"Jl. Raya Bukit tinggi - payakumbuh,,Baso Jorong Baso nagari Tabek panjang, Kec. baso kab. Agam - Sumbar,Padang,Sumatra Barat",100.4636639,-0.28544444,3.37,0,17,7.6,S,100,27,49.19,E,02228472-000SU/2620192024,26-Dec-19,2.11E+12,26-Dec-26,030061_SD Impres - Parak Tanjung,0,17,24.47,S,100,26,1.43,E
2.07E+12,1,"INDOSAT TBK, PT.",22050,23058,28000,UBT T,032155_CS032155,"Jorong Sungai Sariak, Nagari Koto Tinggi, Kec. Baso, Kab. Agam",100.4782778,-0.28408333,1.84,0,17,2.7,S,100,28,41.8,E,02179056-000SU/2620192024,3-Nov-19,2.07E+12,3-Nov-26,032171_BASO_TAROK_3G,0,16,22.4,S,100,29,25.7,E
2.02E+12,2,TELEKOMUNIKASI INDONESIA TBK,7836.65,8147.97,29650,ERICSSON ML-8TN,LBB086_BUKITBULATBASO,KOMP. TELKOM BUKIT BULEK BASO JORONG 100 JANJANG KEC.IV ANGKAT AGAM,100.485638,-0.330861,12.28,0,19,51.0996,S,100,29,8.2968,E,01942949-000SU/2620172022,24-Jun-19,2.02E+12,30-May-26,BKT175_KAMPUNG CINA,0,18,8.604,S,100,22,44.04,E
2.13E+12,2,"INDOSAT TBK, PT.",7170,7331,28000,7G_XMC2_256Q_28M_183M,030155_PAUH JORONG KUBANG PIPIT - NAGARI KOTO TINGGI,"Jl. Pauh Jorong Kubang Pipit, Kel. Nagari Koto Tinggi, Kec. Baso, Kab. Agam",100.4883333,-0.32508333,22.38,0,19,30.3,S,100,29,18,E,02249072-000SU/2620202025,27-Feb-20,2.13E+12,27-Feb-26,030152_TANJUNG HARAPAN - PAYO KASUNG,0,12,47.3,S,100,39,21.1,E
2.35E+12,1,"XLSMART TELECOM SEJAHTERA, PT.",11525,10995,40000,CERAGON - FIBERAIR 1P-20C (11 GHZ),SSG_0643-NPDG_0030-R. Baso Payakumbuh,Jl. Bukit Bulat Kel. Jorong Seratus Janjang Nagari Canduang Koto Laweh Canduang,100.4858,-0.3325,6.94,0,19,57,S,100,29,8.88,E,02439148-000SU/2620212026,6-Apr-21,2.35E+12,6-Apr-26,SB00078-NPDG_0115-Padang Tarok,0,16,13.42599996,S,100,29,40.71400008,E
2.35E+12,2,"XLSMART TELECOM SEJAHTERA, PT.",10995,11525,40000,CERAGON - FIBERAIR 1P-20C (11 GHZ),SB00078-NPDG_0115-Padang Tarok,"Padang Tarok, Kec. Baso, Kabupaten Agam, Sumatera Barat 26192 BASO",100.4946428,-0.27039611,6.94,0,16,13.42599996,S,100,29,40.71400008,E,02439149-000SU/2620212026,6-Apr-21,2.35E+12,6-Apr-26,SSG_0643-NPDG_0030-R. Baso Payakumbuh,0,19,57,S,100,29,8.88,E
2.88E+12,2,"INDOSAT TBK, PT.",7836.65,8147.97,29650,Huawei RTN XMC 8G-3 8 GHz,03LBU0101_TABEK_PANJANG_MT,"Tabek Panjang, Baso, Agam Regency, West Sumatra",100.45565,-0.26978889,8.416,0,16,11.24,S,100,27,20.34,E,02733902-000SU/2620232028,4-Jul-23,2.88E+12,26-Jul-26,03BSR0017_ROADTO_PAYAKUMBUH_EP,0,19,37.03,S,100,30,20.04,E
3.00E+12,2,"XLSMART TELECOM SEJAHTERA, PT.",23534,,112000,NEC iPasolink VR4 Radio Frekuensi,3356 Baso,"Bungo Koto Tuo, Agam, Sumatera Barat, Sumatera, 26192, Indonesia",100.4638125,-0.2854375,1.957,0,17,7.575,S,100,27,49.725,E,02860117-000SU/2620242029,9-Jan-25,3.00E+12,12-May-26,3256184G9 Tabek Panjang Agam Atas,0,16,11.325,S,100,27,20.025,E
2.03E+12,2,"XLSMART TELECOM SEJAHTERA, PT.",23107,22099,14000,IPASOLINK400_23GHZ,3356 Baso,"Bungo Koto Tuo, Agam, Sumatera Barat, Sumatera, 26192, Indonesia",100.4638125,-0.2854375,1.957,0,17,7.575,S,100,27,49.725,E,02904427-000SU/2620242025,9-Aug-24,2.03E+12,16-Aug-26,3256184G9 TABEK PANJANG AGAM ATAS,0,16,11.325,S,100,27,20.025,E
2.01E+12,2,"XLSMART TELECOM SEJAHTERA, PT.",11075,11605,40000,NEC iPASOLINK 400A Radio Microwave,4253356E BASO,"Bungo Koto Tuo, Agam, Sumatera Barat, Sumatera, 26192, Indonesia",100.4638125,-0.2854375,3.552,0,17,7.575,S,100,27,49.725,E,02876899-000SU/2620242025,28-Jun-24,2.01E+12,2-Jul-26,4253841E KOTO TINGGI AGAM,0,18,56.475,S,100,28,28.425,E
2.99E+12,2,"XLSMART TELECOM SEJAHTERA, PT.",23324,,56000,IPASOLINK400_23GHZ,3356 Baso,"Bungo Koto Tuo, Agam, Sumatera Barat, Sumatera, 26192, Indonesia",100.4638125,-0.2854375,2.054,0,17,7.575,S,100,27,49.725,E,02852004-000SU/2620242025,22-Aug-25,2.99E+12,16-Apr-26,3256174G9 Ampang Gadang Agam,0,17,17.475,S,100,26,44.025,E
2.10E+12,1,"XLSMART TELECOM SEJAHTERA, PT.",22022,,28000,IPASOLINK400_23GHZ,3356 Baso,"Bungo Koto Tuo, Agam, Sumatera Barat, Sumatera, 26192, Indonesia",100.4638125,-0.2854375,1.483,0,17,7.575,S,100,27,49.725,E,02987286-000SU/2620252026,11-Jul-25,2.10E+12,23-Jul-26,3256176G9 Tabek Panjang Agam Bawah,0,17,2.625,S,100,28,37.425,E
2.08E+12,2,"XLSMART TELECOM SEJAHTERA, PT.",22106,,28000,NEC iPasolink VR4 Radio Frekuensi,3356 Baso,"Bungo Koto Tuo, Agam, Sumatera Barat, Sumatera, 26192, Indonesia",100.4638125,-0.2854375,1.608,0,17,7.575,S,100,27,49.725,E,02950575-000SU/2620252026,12-Sep-25,2.08E+12,9-Feb-27,3256176G9 Tabek Panjang Agam Bawah,0,17,2.625,S,100,28,41.475,E
2.11E+12,2,"XLSMART TELECOM SEJAHTERA, PT.",22260,,56000,NEC iPasolink VR2 Radio Frekuensi,225ED14 225ED14 Rep. Situjuh Bandar Dalam,"Koto Tinggi, Agam, Sumatera Barat, Sumatera, 26192, Indonesia",100.4859375,-0.3325625,2.246,0,19,57.225,S,100,29,9.375,E,03009772-000SU/2620252026,16-Sep-25,2.11E+12,8-Sep-26,2229202 2229202 TJ ALAM BARU,0,19,36.975,S,100,30,19.125,E
2.10E+12,2,"XLSMART TELECOM SEJAHTERA, PT.",22358,,28000,FIBEAIR IP-20C (23GHZ),NPDG 0002 SSG 0604-NPDG 0002-Baso,"Bungo Koto Tuo, Agam, Sumatera Barat, Sumatera, 26192, Indonesia",100.4638125,-0.2854375,1.957,0,17,7.575,S,100,27,49.725,E,03002390-000SU/2620252026,29-Jul-25,2.10E+12,17-Feb-26,NPDG 0446 SMB M 00155-NPDG 0446-SUNGAI JANIAH DCS,0,16,11.325,S,100,27,20.025,E
2.03E+12,2,"XLSMART TELECOM SEJAHTERA, PT.",10755,11285,40000,NEC iPasolink 400 Radio Frekuensi,425ED14E21 425ED14E21 LTE Rep.SitujuhBandarDalam,"Koto Tinggi, Agam, Sumatera Barat, Sumatera, 26192, Indonesia",100.4859375,-0.3325625,6.494,0,19,57.225,S,100,29,9.375,E,02897278-000SU/2620242025,27-Sep-24,2.03E+12,10-Aug-26,4259726E ALAM TANJUNG BARU,0,17,50.775,S,100,31,57.675,E
2.02E+12,1,"XLSMART TELECOM SEJAHTERA, PT.",7762.525,,56000,IPASOLINK400_8GHZ,325ED14G9 REP. SITUJUH BANDAR DALAM,"Koto Tinggi, Agam, Sumatera Barat, Sumatera, 26192, Indonesia",100.4859375,-0.3325625,15.614,0,19,57.225,S,100,29,9.375,E,02885854-000SU/2620242025,22-Aug-25,2.02E+12,29-Jul-26,225A324 KOTO TANGAH AGAM,0,13,37.875,S,100,23,33.225,E
2.03E+12,2,"XLSMART TELECOM SEJAHTERA, PT.",22036,,56000,IPASOLINK200_23GHZ,425CC13E9 425CC13E LTE BASO TAROK,"Baso, Kec. Baso, Kab. Agam, Sumatera Barat",100.4904375,-0.2729375,1.654,0,16,22.575,S,100,29,25.575,E,02899483-000SU/2620242025,26-Aug-25,2.03E+12,11-Aug-26,4259707E BASO SIMARASOK,0,15,40.725,S,100,29,58.875,E
27846062018,2,"INDOSAT TBK, PT.",14781,15271,28000,15G_XMC2_128Q_28M_157M,030195_Baso,"Jl. Raya Bukit tinggi - payakumbuh,,Baso Jorong Baso nagari Tabek panjang, Kec. baso kab. Agam - Sumbar,Padang,Sumatra Barat",100.4636639,-0.28544444,3.37,0,17,7.6,S,100,27,49.19,E,02040311-000SU/2620182023,6-Jun-18,27846062018,7-Jun-26,030061_SD Impres - Parak Tanjung,0,17,24.47,S,100,26,1.43,E
2.84E+12,2,"INDOSAT TBK, PT.",11155,11685,40000,Huawei RTN XMC 11G-2H 11 GHz,03LBU0091_BASO_PL,"DUSUN AIR TABIK DESA BASO NAGARI TABIK PANJANG, KE",100.4679778,-0.28668611,2.816,0,17,12.07,S,100,28,4.72,E,02689883-000SU/2620232028,11-Jul-23,2.84E+12,16-Apr-26,03LBU0103_CANDUNG_LAWEH_CM,0,18,42.95,S,100,28,16.68,E
2.35E+12,1,"XLSMART TELECOM SEJAHTERA, PT.",11365,10835,40000,CERAGON - FIBERAIR 1P-20C (11 GHZ),SSG_0643-NPDG_0030-R. Baso Payakumbuh,Jl. Bukit Bulat Kel. Jorong Seratus Janjang Nagari Canduang Koto Laweh Canduang,100.4858,-0.3325,6.94,0,19,57,S,100,29,8.88,E,02439226-000SU/2620212026,6-Apr-21,2.35E+12,6-Apr-26,SB00078-NPDG_0115-Padang Tarok,0,16,13.42599996,S,100,29,40.71400008,E
2.33E+12,1,"XLSMART TELECOM SEJAHTERA, PT.",11245,10715,40000,CERAGON - FIBERAIR 1P-20C (11 GHZ),SSG_0643-NPDG_0030-R. Baso Payakumbuh,Jl. Bukit Bulat Kel. Jorong Seratus Janjang Nagari Canduang Koto Laweh Canduang,100.4858306,-0.3325,6.94,0,19,57,S,100,29,8.99,E,02427582-000SU/2620212026,1-Mar-21,2.33E+12,1-Mar-26,SB00078-NPDG_0115-Padang Tarok,0,16,13.45,S,100,29,40.73,E
2.33E+12,2,"XLSMART TELECOM SEJAHTERA, PT.",10715,11245,40000,CERAGON - FIBERAIR 1P-20C (11 GHZ),SB00078-NPDG_0115-Padang Tarok,"Padang Tarok, Kec. Baso, Kabupaten Agam, Sumatera Barat 26192 BASO",100.4946472,-0.27040278,6.94,0,16,13.45,S,100,29,40.73,E,02427583-000SU/2620212026,1-Mar-21,2.33E+12,1-Mar-26,SSG_0643-NPDG_0030-R. Baso Payakumbuh,0,19,57,S,100,29,8.99,E
2.10E+12,2,"XLSMART TELECOM SEJAHTERA, PT.",14837,,28000,ZXMW NR8961 15G,225A970 KAMANG MAGEK,"Agam, Sumatera Barat, Sumatera, 26192, Indonesia",100.4466875,-0.2546875,2.579,0,15,16.875,S,100,26,48.075,E,02988788-000SU/2620252026,12-Aug-25,2.10E+12,30-Jul-26,3256177G9 MAGEK AGAM,0,14,5.325,S,100,26,4.425,E
2.03E+12,2,TELEKOMUNIKASI INDONESIA TBK,15075,14585,28000,MINI-LINK CN 210/CN510-15 GHZ,LBB086_BUKITBULATBASO,KOMP. TELKOM BUKIT BULEK BASO JORONG 100 JANJANG KEC.IV ANGKAT AGAM,100.4860056,-0.33122222,2.15,0,19,52.3999992,S,100,29,9.62016,E,01979430-000SU/2620172022,26-Jul-19,2.03E+12,23-Nov-26,LBB198_KOTO TINGGI,0,18,56.34,S,100,28,28.56,E
2.07E+12,2,"INDOSAT TBK, PT.",23058,22050,28000,UBT T,032171_BASO_TAROK_3G,"Jl. Jorong Sungai Tarik,Desa/Negari Koto Tinggi,Kec.Baso Tarok,Kab.Agam, Sumatera Barat",100.4904722,-0.27288889,1.84,0,16,22.4,S,100,29,25.7,E,02179057-000SU/2620192024,3-Nov-19,2.07E+12,3-Nov-26,032155_CS032155,0,17,2.7,S,100,28,41.8,E
2.03E+12,1,"XLSMART TELECOM SEJAHTERA, PT.",23044,,56000,IPASOLINK200_23GHZ,4259707E BASO SIMARASOK,"Simarasok, Kec. Baso, Kab. Agam, Sumatera Barat",100.4996875,-0.2613125,1.654,0,15,40.725,S,100,29,58.875,E,02899482-000SU/2620242025,26-Aug-25,2.03E+12,11-Aug-26,425CC13E9 425CC13E LTE BASO TAROK,0,16,22.575,S,100,29,25.575,E
3.00E+12,1,"XLSMART TELECOM SEJAHTERA, PT.",22526,,112000,NEC iPasolink VR4 Radio Frekuensi,3256184G9 Tabek Panjang Agam Atas,"Baso - Sungai Janiah, Bungo Koto Tuo, Agam, Sumatera Barat, Sumatera, 26192, Indonesia",100.4555625,-0.2698125,1.957,0,16,11.325,S,100,27,20.025,E,02860116-000SU/2620242029,9-Jan-25,3.00E+12,12-May-26,3356 Baso,0,17,7.575,S,100,27,49.725,E
2.10E+12,1,"XLSMART TELECOM SEJAHTERA, PT.",23366,,28000,FIBEAIR IP-20C (23GHZ),NPDG 0446 SMB M 00155-NPDG 0446-SUNGAI JANIAH DCS,"Baso - Sungai Janiah, Bungo Koto Tuo, Agam, Sumatera Barat, Sumatera, 26192, Indonesia",100.4555625,-0.2698125,1.957,0,16,11.325,S,100,27,20.025,E,03002389-000SU/2620252026,29-Jul-25,2.10E+12,17-Feb-26,NPDG 0002 SSG 0604-NPDG 0002-Baso,0,17,7.575,S,100,27,49.725,E
2.03E+12,1,"XLSMART TELECOM SEJAHTERA, PT.",22099,23107,14000,IPASOLINK400_23GHZ,3256184G9 TABEK PANJANG AGAM ATAS,"Baso - Sungai Janiah, Bungo Koto Tuo, Agam, Sumatera Barat, Sumatera, 26192, Indonesia",100.4555625,-0.2698125,1.957,0,16,11.325,S,100,27,20.025,E,02904426-000SU/2620242025,9-Aug-24,2.03E+12,16-Aug-26,3356 Baso,0,17,7.575,S,100,27,49.725,E
2.93E+12,1,TELEKOMUNIKASI INDONESIA TBK,8236.92,7925.6,29650,ERICSSON ML-8TN,LBB086_BukitBulatBaso,KOMP. TELKOM BUKIT BULEK BASO JORONG 100 JANJANG KEC.IV ANGKAT AGAM,100.4860056,-0.33122222,12.342,0,19,52.4,S,100,29,9.62,E,02790541-000SU/2620232028,14-Nov-23,2.93E+12,27-Nov-26,BKT175_Kampung Cina,0,18,8.6,S,100,22,44.04,E
2.02E+12,1,TELEKOMUNIKASI INDONESIA TBK,7491,7652,28000,ERICSSON ML-7TN,LBB086_BukitBulatBaso,KOMP. TELKOM BUKIT BULEK BASO JORONG 100 JANJANG KEC.IV ANGKAT AGAM,100.4860056,-0.33122222,12.33,0,19,52.3999992,S,100,29,9.62016,E,02069321-000SU/2620182023,25-Jun-19,2.02E+12,9-Dec-26,BKT175_Kampung Cina,0,18,8.604,S,100,22,44.04,E
2.35E+12,1,"XLSMART TELECOM SEJAHTERA, PT.",11445,10915,40000,CERAGON - FIBERAIR 1P-20C (11 GHZ),SSG_0643-NPDG_0030-R. Baso Payakumbuh,Jl. Bukit Bulat Kel. Jorong Seratus Janjang Nagari Canduang Koto Laweh Canduang,100.4858306,-0.3325,6.94,0,19,57,S,100,29,8.99,E,02440072-000SU/2620212026,8-Apr-21,2.35E+12,8-Apr-26,SB00078-NPDG_0115-Padang Tarok,0,16,13.45,S,100,29,40.73,E
2.35E+12,2,"XLSMART TELECOM SEJAHTERA, PT.",10915,11445,40000,CERAGON - FIBERAIR 1P-20C (11 GHZ),SB00078-NPDG_0115-Padang Tarok,"Padang Tarok, Kec. Baso, Kabupaten Agam, Sumatera Barat 26192 BASO",100.4946472,-0.27040278,6.94,0,16,13.45,S,100,29,40.73,E,02440073-000SU/2620212026,8-Apr-21,2.35E+12,8-Apr-26,SSG_0643-NPDG_0030-R. Baso Payakumbuh,0,19,57,S,100,29,8.99,E
2.08E+12,1,"XLSMART TELECOM SEJAHTERA, PT.",23114,,28000,NEC iPasolink VR4 Radio Frekuensi,3256176G9 Tabek Panjang Agam Bawah,"Tabek Panjang, Agam, Sumatera Barat, Sumatera, 26192, Indonesia",100.4781875,-0.2840625,1.608,0,17,2.625,S,100,28,41.475,E,02950574-000SU/2620252026,12-Sep-25,2.08E+12,9-Feb-27,3356 Baso,0,17,7.575,S,100,27,49.725,E
3.00E+12,1,"XLSMART TELECOM SEJAHTERA, PT.",23156,,56000,IPASOLINK400_23GHZ,3356 Baso,"Bungo Koto Tuo, Agam, Sumatera Barat, Sumatera, 26192, Indonesia",100.4638125,-0.2854375,2.054,0,17,7.575,S,100,27,49.725,E,02860048-000SU/2620242029,22-Aug-25,3.00E+12,12-May-26,3256174G9 Ampang Gadang Agam,0,17,17.475,S,100,26,44.025,E
2.35E+12,2,"XLSMART TELECOM SEJAHTERA, PT.",10835,11365,40000,CERAGON - FIBERAIR 1P-20C (11 GHZ),SB00078-NPDG_0115-Padang Tarok,"Padang Tarok, Kec. Baso, Kabupaten Agam, Sumatera Barat 26192 BASO",100.4946428,-0.27039611,6.94,0,16,13.42599996,S,100,29,40.71400008,E,02439227-000SU/2620212026,6-Apr-21,2.35E+12,6-Apr-26,SSG_0643-NPDG_0030-R. Baso Payakumbuh,0,19,57,S,100,29,8.88,E
2.10E+12,2,"XLSMART TELECOM SEJAHTERA, PT.",23030,,28000,IPASOLINK400_23GHZ,3256176G9 Tabek Panjang Agam Bawah,"Baso, Kec. Baso, Kab. Agam, Sumatera Barat",100.4770625,-0.2840625,1.483,0,17,2.625,S,100,28,37.425,E,02987287-000SU/2620252026,11-Jul-25,2.10E+12,23-Jul-26,3356 Baso,0,17,7.575,S,100,27,49.725,E
2.01E+12,2,"XLSMART TELECOM SEJAHTERA, PT.",14641,,28000,ZXMW NR8961 15G,225A970 Kamang Magek,"Agam, Sumatera Barat, Sumatera, 26192, Indonesia",100.4466875,-0.2546875,2.579,0,15,16.875,S,100,26,48.075,E,02878272-000SU/2620242025,16-Jul-25,2.01E+12,7-Jul-26,3256177G9 Magek Agam,0,14,5.325,S,100,26,4.425,E
2.10E+12,2,"XLSMART TELECOM SEJAHTERA, PT.",14837,,28000,ZXMW NR8961 15G,225A970 KAMANG MAGEK,"Agam, Sumatera Barat, Sumatera, 26192, Indonesia",100.4466875,-0.2546875,2.579,0,15,16.875,S,100,26,48.075,E,02978475-000SU/2620252026,12-Aug-25,2.10E+12,9-Jul-26,3256177G9 MAGEK AGAM,0,14,5.325,S,100,26,4.425,E
2.88E+12,2,"INDOSAT TBK, PT.",7925.6,,29650,Huawei RTN XMC 8G-3 8 GHz,03LBU0101_TABEK_PANJANG_MT,"Baso - Sungai Janiah, Bungo Koto Tuo, Agam, Sumatera Barat, Sumatera, 26192, Indonesia",100.4555625,-0.2698125,8.433,0,16,11.325,S,100,27,20.025,E,02729903-000SU/2620232028,27-Aug-25,2.88E+12,19-Jul-26,03BSR0017_ROADTO_PAYAKUMBUH_EP,0,19,36.975,S,100,30,19.125,E
2.03E+12,2,"XLSMART TELECOM SEJAHTERA, PT.",14641,,28000,ZXMW NR8961 15G,225A970 Kamang Magek,"Agam, Sumatera Barat, Sumatera, 26192, Indonesia",100.4466875,-0.2546875,2.579,0,15,16.875,S,100,26,48.075,E,02897056-000SU/2620242025,20-Aug-25,2.03E+12,10-Aug-26,3256177G9 Magek Agam,0,14,5.325,S,100,26,4.425,E
2.12E+12,1,"XLSMART TELECOM SEJAHTERA, PT.",22022,23030,28000,FIBEAIR IP-20C (23GHZ),NPDG_0095_BATU TABA,Jorong Air Haji Sungai Aur Kecamatan Sungai Aur Kabupaten Pasaman Padang Sumatera Barat,100.4125,-0.32038889,1.81,0,19,13.4,S,100,24,45,E,02242842-000SU/2620202025,7-Feb-20,2.12E+12,6-Feb-26,NPDG_0149_KAMPUNG NAN LIMO,0,19,54.98,S,100,24,3.56,E
2.07E+12,1,"INDOSAT TBK, PT.",15215,14725,28000,15G_XMC2_128Q_28M_157M,030782_SITAPUANG,"JORONG LASI MUDO, NAGARI LASI, KEC. CANDUANG, AGAM",100.4372306,-0.31863889,4.32,0,19,7.1,S,100,26,14.03,E,02166573-000SU/2620192024,28-Oct-21,2.07E+12,22-Oct-26,030704_KAMPUANG NAN LIMO,0,19,55.5,S,100,24,2.9,E
2.04E+12,2,"XLSMART TELECOM SEJAHTERA, PT.",10875,11405,40000,IPASOLINK200_11GHZ,325C313G Sitapuang,"Lasi, Kec. Candung, Kab. Agam, Sumatera Barat",100.4373125,-0.3185625,9.937,0,19,6.825,S,100,26,14.325,E,02912058-000SU/2620242025,26-Aug-24,2.04E+12,27-Aug-26,4251098E VII NAGARI AGAM,0,13,59.025,S,100,24,35.325,E
2.05E+12,1,"INDOSAT TBK, PT.",15075,14585,28000,15G_XMC2_128Q_28M_157M,030782_SITAPUANG,"Lasi, Kec. Candung, Kab. Agam, Sumatera Barat",100.4373125,-0.3185625,4.316,0,19,6.825,S,100,26,14.325,E,02917853-000SU/2620242029,17-Sep-24,2.05E+12,19-Sep-26,030704_KAMPUANG NAN LIMO,0,19,55.425,S,100,24,3.375,E
2.08E+12,1,"XLSMART TELECOM SEJAHTERA, PT.",15159,,28000,NEC iPASOLINK 400A Radio Microwave,4259749E PASANEHAN BATABUAH,"Bukik Batabuah, Kec. Candung, Kab. Agam, Sumatera Barat",100.4340625,-0.3304375,2.655,0,19,49.575,S,100,26,2.625,E,02951312-000SU/2620252026,19-Mar-25,2.08E+12,14-Feb-27,425A310E BATU TABA,0,19,13.125,S,100,24,44.775,E
2.12E+12,1,"INDOSAT TBK, PT.",11325,,40000,Huawei RTN XMC 11G-3 11 GHz,03LBU0117-BUKIK_BATABUAH,"Bukik Batabuah, Kec. Candung, Kab. Agam, Sumatera Barat",100.4340625,-0.3304375,4.97,0,19,49.575,S,100,26,2.625,E,03032215-000SU/2620252030,20-Oct-25,2.12E+12,26-Oct-26,03LBU0054-TALUAK_KUBANG_PUTIH_TB,0,19,44.63,S,100,23,21.97,E
2.84E+12,1,"INDOSAT TBK, PT.",11685,11155,40000,Huawei RTN XMC 11G-2H 11 GHz,03LBU0103_CANDUNG_LAWEH_CM,"Pasar Baso, Jalan Raya Bukittinggi - Payakumbuh Km.11, Tabek Panjang, Baso, Kabupaten Agam, Sumatera Barat",100.4713,-0.31193056,2.816,0,18,42.95,S,100,28,16.68,E,02689882-000SU/2620232028,11-Jul-23,2.84E+12,16-Apr-26,03LBU0091_BASO_PL,0,17,12.07,S,100,28,4.72,E
2.44E+12,2,"XLSMART TELECOM SEJAHTERA, PT.",22442,23450,28000,FIBEAIR IP-20C (23GHZ),SB00077-NPDG_0095-BATU TABA,Jl. Raya Panca| Bukik Batabuah| Canduang| Kabupaten Agam| Sumatera Barat 26191| Indonesia,100.4125,-0.32038889,2.19,0,19,13.4,S,100,24,45,E,02484097-000SU/2620212026,15-Sep-21,2.44E+12,15-Sep-26,SMB_M_00109-NPDG_0406-AGAM AMPEK ANGKEK,0,18,38.95,S,100,25,47.03,E
2.01E+12,1,"INDOSAT TBK, PT.",13059,12793,28000,RTN900 HUAWEI_13G_XMC2_256Q_28M_183M,03LBU0111-KUBANG_PUTIAH_TB,"Pasia, Agam, Sumatera Barat, Sumatera, 27151, Indonesia",100.4125,-0.33277778,3.486,0,19,58,S,100,24,45,E,02876645-000SU/2620242029,5-Jul-24,2.01E+12,3-Jul-26,03BTT0020-PASAR_AURKUNING_EP,0,18,51,S,100,23,14,E
2.01E+12,1,"XLSMART TELECOM SEJAHTERA, PT.",23030,22022,28000,NEC iPASOLINK 400A Radio Microwave,4259711E SUNGAI PUA KUBANG,"Pasia, Agam, Sumatera Barat, Sumatera, 27151, Indonesia",100.4126875,-0.3328125,1.382,0,19,58.125,S,100,24,45.675,E,02877011-000SU/2620242025,28-Jun-24,2.01E+12,2-Jul-26,425A310E BATU TABA,0,19,13.125,S,100,24,44.775,E
2.28E+12,1,"INDOSAT TBK, PT.",15131,14641,28000,15G_XMC2_128Q_28M_157M,030782_SITAPUANG,"JORONG LASI MUDO, NAGARI LASI, KEC. CANDUANG, AGAM.",100.4372333,-0.31864167,4.32,0,19,7.11,S,100,26,14.04,E,02396793-000SU/2620202025,1-Dec-20,2.28E+12,1-Dec-26,030704_KAMPUANG NAN LIMO,0,19,55.5,S,100,24,2.9,E
2.67E+12,1,TELEKOMUNIKASI INDONESIA TBK,8236.92,7925.6,29650,ERICSSON ML-8TN,LBB086_BUKITBULATBASO,KOMP. TELKOM BUKIT BULEK BASO JORONG 100 JANJANG KEC.IV ANGKAT AGAM,100.4856389,-0.33086111,4.59,0,19,51.1,S,100,29,8.3,E,02602559-000SU/2620222027,7-Sep-22,2.67E+12,14-Sep-26,BSK208_TABEK PATAH,0,19,44.2884,S,100,31,36.7032,E
2.03E+12,2,"XLSMART TELECOM SEJAHTERA, PT.",10755,11285,40000,NEC iPASOLINK 400A Radio Microwave,325C313G Sitapuang,"Lasi, Kec. Candung, Kab. Agam, Sumatera Barat",100.4373125,-0.3185625,9.937,0,19,6.825,S,100,26,14.325,E,02902565-000SU/2620242025,2-Aug-24,2.03E+12,13-Aug-26,4251098E VII NAGARI AGAM,0,13,59.025,S,100,24,35.325,E
2.02E+12,1,TELEKOMUNIKASI INDONESIA TBK,8059.02,,29650,ERICSSON ML-8TN,LBB086_BukitBulatBaso,"MF9P+J6Q Koto Tinggi, Kabupaten Agam, Sumatera Barat",100.4855639,-0.33093889,12.271,0,19,51.38,S,100,29,8.03,E,02069319-000SU/2620182023,14-May-25,2.02E+12,9-Dec-26,BKT175_Kampung Cina,0,18,8.325,S,100,22,44.625,E
2.12E+12,1,"XLSMART TELECOM SEJAHTERA, PT.",22442,23450,28000,FIBEAIR IP-20C (23GHZ),NPDG_0229_Biaro,"Jln Simpang Monggong Simabur MudikJorong Koto Marapak, Kec. Ampek",100.4166861,-0.28331111,2.254,0,16,59.92,S,100,25,0.07,E,02237078-000SU/2620202025,22-Mar-24,2.12E+12,21-Jan-27,NPDG_0051_SD Impres - Parak Tanjung,0,17,28.72,S,100,26,7.12,E
2.82E+12,1,"INDOSAT TBK, PT.",13171,12905,28000,Huawei RTN XMC 13G-3 13 GHz,03LBU0111_KUBANG_PUTIAH_TB,Jl Koto Panjang Bukit Batabuah Jorong Kubang Duo Nagari Bukit Batabuah Kec. Canduang Kab Agam Sumatera Barat,100.4126889,-0.33283889,3.48,0,19,58.22,S,100,24,45.68,E,02690846-000SU/2620232028,21-Mar-23,2.82E+12,16-Apr-26,03BTT0020_PASAR_AURKUNING_EP,0,18,50.9,S,100,23,14.96,E
2.01E+12,1,"XLSMART TELECOM SEJAHTERA, PT.",11605,11075,40000,NEC iPASOLINK 400A Radio Microwave,4253841E KOTO TINGGI AGAM,"Agam, Sumatera Barat, Sumatera, 26192, Indonesia",100.4745625,-0.3156875,3.552,0,18,56.475,S,100,28,28.425,E,02876900-000SU/2620242025,28-Jun-24,2.01E+12,2-Jul-26,4253356E BASO,0,17,7.575,S,100,27,49.725,E
25630072016,2,"TELEKOMUNIKASI INDONESIA, PT.",6460,6800,40000,CERAGON-FIBEAIR IP-20G (6GHZ),BUKIT TAMBULUN,"JL. TELKOM KOTO TUO SIMPANG MALALA, KEC. IV KOTO, KOTA BUKIT TINGGI, PROP. SUMATERA BARAT",100.2903611,-0.34619444,9.88,0,20,46.3,S,100,17,25.3,E,01884437-000SU/2620162021,25-Jul-16,25630072016,31-Jul-26,BUKIT TINGGI,0,18,32.1,S,100,22,15.66,E
25631072016,2,"TELEKOMUNIKASI INDONESIA, PT.",6700,7040,40000,CERAGON FIBEAIR 3200T (3+1),BUKIT TAMBULUN,"JL. TELKOM KOTO TUO SIMPANG MALALA, KEC. IV KOTO, KOTA BUKIT TINGGI, PROP. SUMATERA BARAT",100.2903611,-0.34619444,9.88,0,20,46.3,S,100,17,25.3,E,01884435-000SU/2620162021,25-Jul-16,25631072016,31-Jul-26,BUIT TINGGI,0,18,32.1,S,100,22,15.66,E
27963062018,1,"TELEKOMUNIKASI INDONESIA, PT.",6620,6960,40000,CERAGON-FIBEAIR IP-20G (6GHZ),BUKIT TAMBULUN,"JL. TELKOM KOTO TUO SIMPANG MALALA, KEC. IV KOTO, KOTA BUKIT TINGGI, PROP. SUMATERA BARAT",100.2903611,-0.34619444,201.81,0,20,46.3,S,100,17,25.3,E,02040526-000SU/2620182023,7-Jun-18,27963062018,7-Jun-26,TUA PEJAT,2,1,44.33,S,99,35,18.38,E
27958062018,2,"TELEKOMUNIKASI INDONESIA, PT.",6500,6840,40000,CERAGON-FIBEAIR IP-20G (6GHZ),BUKIT TAMBULUN,"JL. TELKOM KOTO TUO SIMPANG MALALA, KEC. IV KOTO, KOTA BUKIT TINGGI, PROP. SUMATERA BARAT",100.2903611,-0.34619444,9.88,0,20,46.3,S,100,17,25.3,E,02040529-000SU/2620182023,7-Jun-18,27958062018,7-Jun-26,BUKIT TINGGI,0,18,32.1,S,100,22,15.66,E
27960062018,2,"TELEKOMUNIKASI INDONESIA, PT.",7170,7331,28000,FIBEAIR IP-20G (7GHZ),BUKIT TAMBULUN,"JL. TELKOM KOTO TUO SIMPANG MALALA, KEC. IV KOTO, KOTA BUKIT TINGGI, PROP. SUMATERA BARAT",100.2903611,-0.34619444,9.88,0,20,46.3,S,100,17,25.3,E,02040533-000SU/2620182023,7-Jun-18,27960062018,7-Jun-26,BUIT TINGGI,0,18,32.1,S,100,22,15.66,E
27962062018,1,"TELEKOMUNIKASI INDONESIA, PT.",6540,6880,40000,CERAGON-FIBEAIR IP-20G (6GHZ),BUKIT TAMBULUN,"JL. TELKOM KOTO TUO SIMPANG MALALA, KEC. IV KOTO, KOTA BUKIT TINGGI, PROP. SUMATERA BARAT",100.2903611,-0.34619444,201.81,0,20,46.3,S,100,17,25.3,E,02040534-000SU/2620182023,7-Jun-18,27962062018,7-Jun-26,TUA PEJAT,2,1,44.33,S,99,35,18.38,E
26168032019,1,"INDOSAT TBK, PT.",15075,14585,28000,15G_XMC2_256Q_28M_183M,030667_SIANOK,"Jorong Sianok Kanagarian anam suku kec IV soko,Kec Agam",100.3521667,-0.30539167,3.3,0,18,19.41,S,100,21,7.8,E,02091057-000SU/2620192024,13-Mar-19,26168032019,13-Mar-27,030503_Adinegoro - Birugo,0,19,9.41,S,100,22,42.39,E
23924022018,2,"TELEKOMUNIKASI SELULAR, PT.",7777.35,8088.67,29650,3000 SERIES 4-11GHZSTM1/OC-3 MICROWAVE RADIO (7725-8275 MHZ),BKT509,"BKT509_STRGM TELKOM SITE TAMBULUN.DESA BALINGKA.KEC.IV KOTO.KAB.AGAM ( JL.BUKIT TINGGI-MANINJAU ).SUMATERA BARAT, AGAM, IV KOTO, SUMATERA BARAT",100.2903889,-0.34616667,11.01,0,20,46.2,S,100,17,25.4,E,02014641-000SU/2620182023,10-Jun-22,23924022018,6-Mar-26,BKT175,0,18,7.09,S,100,22,44.3,E
23923022018,2,"TELEKOMUNIKASI SELULAR, PT.",7895.95,8207.27,29650,3000 SERIES 4-11GHZSTM1/OC-3 MICROWAVE RADIO (7725-8275 MHZ),BKT509_BUKIT TAMBULUN 3,"BKT509_STRGM TELKOM SITE TAMBULUN.DESA BALINGKA.KEC.IV KOTO.KAB.AGAM ( JL.BUKIT TINGGI-MANINJAU ).SUMATERA BARAT, AGAM, IV KOTO, SUMATERA BARAT",100.2903889,-0.34616667,11.005,0,20,46.2,S,100,17,25.4,E,,11-Jul-23,23923022018,6-Mar-26,BKT175_KAMPUNG CINA,0,18,7.09,S,100,22,44.3,E
2.88E+12,2,"INDOSAT TBK, PT.",14935,14445,28000,Huawei RTN XMC 15G-3 15 GHz,03LBU0037_GUGUK_RANDAH_TB,"Agam, Sumatera Barat, Sumatera, 26116, Indonesia",100.3535625,-0.3403125,3.308,0,20,25.125,S,100,21,12.825,E,02733386-000SU/2620232028,30-Jul-24,2.88E+12,26-Jul-26,03LBU0044_JAMBU_AIR_EP,0,19,30.04,S,100,22,44.76,E
2.02E+12,2,"XLSMART TELECOM SEJAHTERA, PT.",15047,14557,28000,FIBEAIR? IP-20C(15GHZ),SMB_M_00183-NPDG_0465-N_KOTOTUODS,Jorong galudua nagari koto tuo kec.iv koto agam,100.3535625,-0.3409375,4.03,0,20,27.375,S,100,21,12.825,E,02886747-000SU/2620242029,8-Jul-24,2.02E+12,1-Aug-26,Infill_NS362-NPDG_0148-NS NSM-BUKITTINGGI,0,18,37.125,S,100,22,23.475,E
2.02E+12,1,"XLSMART TELECOM SEJAHTERA, PT.",12933,13199,28000,FIBEAIR IP-20C (13GHZ),SMB_M_00183-NPDG_0465-N_KOTOTUODS,Jorong galudua nagari koto tuo kec.iv koto agam,100.3535625,-0.3409375,5.071,0,20,27.375,S,100,21,12.825,E,02886774-000SU/2620242029,8-Jul-24,2.02E+12,1-Aug-26,SSG_0609-NPDG_0006-Btinggi HUB(G),0,18,10.575,S,100,22,44.625,E
2.10E+12,1,"XLSMART TELECOM SEJAHTERA, PT.",12905,,28000,FIBEAIR IP-20C (13GHZ),NPDG 0465 SMB M 00183-NPDG 0465-N KOTOTUODS,Jorong galudua nagari koto tuo kec.iv koto agam,100.3535625,-0.3409375,5.079,0,20,27.375,S,100,21,12.825,E,03002475-000SU/2620252026,29-Jul-25,2.10E+12,17-Feb-26,NPDG 0006 SSG 0609-NPDG 0006-Btinggi HUB G,0,18,10.575,S,100,22,45.075,E
2.02E+12,2,"XLSMART TELECOM SEJAHTERA, PT.",15103,14613,28000,FIBEAIR? IP-20C(15GHZ),SMB_M_00183-NPDG_0465-N_KOTOTUODS,Jorong galudua nagari koto tuo kec.iv koto agam,100.3535625,-0.3409375,4.03,0,20,27.375,S,100,21,12.825,E,02886773-000SU/2620242029,8-Jul-24,2.02E+12,1-Aug-26,Infill_NS362-NPDG_0148-NS NSM-BUKITTINGGI,0,18,37.125,S,100,22,23.475,E
2.02E+12,1,"XLSMART TELECOM SEJAHTERA, PT.",12905,13171,28000,FIBEAIR IP-20C (13GHZ),SMB_M_00183-NPDG_0465-N_KOTOTUODS,Jorong galudua nagari koto tuo kec.iv koto agam,100.3535625,-0.3409375,5.071,0,20,27.375,S,100,21,12.825,E,02886782-000SU/2620242029,10-Jul-24,2.02E+12,1-Aug-26,SSG_0609-NPDG_0006-Btinggi HUB(G),0,18,10.575,S,100,22,44.625,E
